Branch,Rating,Comment
A,8.2,"The Health and Beauty section at Branch A is fantastic. I found the perfect skincare products. Will definitely shop here again!"
B,6.7,"I bought some Home and Lifestyle items at Branch B. The selection was good, but the checkout process could be smoother."
C,7.5,"Branch C's Electronic Accessories department is impressive. I got a great deal on headphones. Friendly staff too."
A,5.3,"Not the best experience at Branch A for Sports and Travel shopping. Limited options and prices were high."
B,9.1,"Wow, Branch B exceeded my expectations for Health and Beauty products. The staff was helpful, and the range was extensive."
C,7.8,"I found what I needed in Electronic Accessories at Branch C. The prices were reasonable, and the checkout was quick."
A,6.5,"Home and Lifestyle section at Branch A needs improvement. Average experience, but I expected more variety."
B,8.9,"I had a great time shopping for Sports and Travel gear at Branch B. Friendly staff and excellent selection."
C,7.2,"Electronic Accessories at Branch C were satisfactory. Good range, but prices could be more competitive."
A,4.7,"Health and Beauty selection at Branch A was disappointing. Limited options and higher prices."
B,9.4,"I love shopping for Home and Lifestyle products at Branch B. Great quality and prices. Will come back."
C,6.3,"Sports and Travel department at Branch C needs more variety. Average experience overall."
A,7.9,"I had a pleasant experience shopping for Electronic Accessories at Branch A. Prices were reasonable, and staff was helpful."
B,6.1,"Health and Beauty selection at Branch B was okay. I expected more variety and better prices."
C,8.7,"Branch C's Home and Lifestyle section is impressive. Excellent quality products and helpful staff."
A,7.2,"Sports and Travel shopping at Branch A was decent. Prices were reasonable, but the selection could be better."
B,8.4,"Branch B never disappoints for Electronic Accessories. Great products and service."
C,5.8,"I was disappointed with the Health and Beauty selection at Branch C. Limited options and higher prices."
A,9.3,"I had a fantastic shopping experience for Home and Lifestyle products at Branch A. Highly recommend!"
B,7.6,"Sports and Travel department at Branch B was good. Prices were fair, but more variety would be nice."
C,8.0,"Electronic Accessories at Branch C were impressive. Found exactly what I was looking for."
A,6.2,"Health and Beauty selection at Branch A was below my expectations. Limited options and prices were high."
B,9.5,"I'm a regular at Branch B for Home and Lifestyle products. Always satisfied with the quality and range."
C,7.1,"My Sports and Travel shopping at Branch C was satisfactory. Prices were reasonable, but I hoped for more options."
A,8.8,"Electronic Accessories at Branch A are top-notch. Competitive prices and knowledgeable staff."
B,6.8,"Health and Beauty section at Branch B was decent. Good service, but more options would be appreciated."
C,8.3,"Branch C's Home and Lifestyle selection is impressive. Great quality and variety."
A,7.4,"Sports and Travel shopping at Branch A was average. Prices were reasonable, but the range was limited."
B,8.6,"Branch B is my go-to for Electronic Accessories. Quality and prices are unbeatable."
C,6.5,"Health and Beauty options at Branch C were lacking. Expected more variety and better prices."
A,9.0,"I had a great time shopping for Home and Lifestyle products at Branch A. High-quality items and friendly staff."
B,7.9,"Sports and Travel department at Branch B was satisfactory. Prices were fair, but more choices would be nice."
C,8.2,"Electronic Accessories at Branch C met my expectations. Found what I needed at reasonable prices."
A,6.4,"Health and Beauty selection at Branch A was disappointing. Limited choices and higher prices."
B,9.2,"I'm a loyal customer at Branch B for Home and Lifestyle products. Always impressed with the selection and service."
C,7.3,"My Sports and Travel shopping experience at Branch C was decent. Prices were reasonable, but more options would be great."
A,8.5,"Electronic Accessories at Branch A are excellent. Competitive prices and knowledgeable staff."
B,6.7,"Health and Beauty section at Branch B was okay. Good service, but more options would be appreciated."
C,8.1,"Branch C's Home and Lifestyle department is fantastic. High-quality products and a wide range of choices."
A,7.0,"Sports and Travel shopping at Branch A was average. Prices were reasonable, but the selection could be improved."
B,8.7,"Branch B is my favorite for Electronic Accessories. Quality and prices are unbeatable."
C,6.0,"Health and Beauty options at Branch C were lacking. Expected more variety and better prices."
A,9.0,"I had a wonderful experience shopping for Home and Lifestyle products at Branch A. Highly recommend!"
B,7.5,"Sports and Travel department at Branch B was good. Prices were fair, but more variety would be nice."
C,8.6,"Electronic Accessories at Branch C exceeded my expectations. Found everything I needed at reasonable prices."
A,6.3,"Health and Beauty selection at Branch A was disappointing. Limited options and higher prices."
B,9.3,"I'm a regular at Branch B for Home and Lifestyle products. Always satisfied with the quality and range."
C,7.2,"My Sports and Travel shopping experience at Branch C was satisfactory. Prices were reasonable, but more options would be appreciated."
A,8.8,"Electronic Accessories at Branch A are top-notch. Competitive prices and knowledgeable staff."
B,6.9,"Health and Beauty section at Branch B was decent. Good service, but more options would be appreciated."
C,8.4,"Branch C's Home and Lifestyle selection is impressive. Great quality and variety."
A,7.3,"Sports and Travel shopping at Branch A was average. Prices were reasonable, but the range was limited."
B,8.5,"Branch B is my go-to for Electronic Accessories. Quality and prices are unbeatable."
C,6.7,"Health and Beauty options at Branch C were lacking. Expected more variety and better prices."
A,9.1,"I had a great time shopping for Home and Lifestyle products at Branch A. High-quality items and friendly staff."
B,7.7,"Sports and Travel department at Branch B was satisfactory. Prices were fair, but more choices would be nice."
C,8.0,"Electronic Accessories at Branch C met my expectations. Found what I needed at reasonable prices."
A,6.6,"Health and Beauty selection at Branch A was disappointing. Limited choices and higher prices."
B,9.4,"I'm a loyal customer at Branch B for Home and Lifestyle products. Always impressed with the selection and service."
C,7.1,"My Sports and Travel shopping experience at Branch C was decent. Prices were reasonable, but more options would be great."
A,8.6,"Electronic Accessories at Branch A are excellent. Competitive prices and knowledgeable staff."
B,7.0,"Health and Beauty section at Branch B was okay. Good service, but more options would be appreciated."
C,8.2,"Branch C's Home and Lifestyle department is fantastic. High-quality products and a wide range of choices."
A,7.5,"Sports and Travel shopping at Branch A was average. Prices were reasonable, but the selection could be improved."
B,8.8,"Branch B is my favorite for Electronic Accessories. Quality and prices are unbeatable."
C,6.4,"Health and Beauty options at Branch C were lacking. Expected more variety and better prices."
A,8.9,"I had a wonderful experience shopping for Home and Lifestyle products at Branch A. Highly recommend!"
B,7.3,"Sports and Travel department at Branch B was good. Prices were fair, but more variety would be nice."
C,8.3,"Electronic Accessories at Branch C exceeded my expectations. Found everything I needed at reasonable prices."
A,6.7,"Health and Beauty selection at Branch A was disappointing. Limited options and higher prices."
B,9.2,"I'm a regular at Branch B for Home and Lifestyle products. Always satisfied with the quality and range."
C,7.0,"My Sports and Travel shopping experience at Branch C was satisfactory. Prices were reasonable, but more options would be appreciated."
A,8.7,"Electronic Accessories at Branch A are top-notch. Competitive prices and knowledgeable staff."
B,7.1,"Health and Beauty section at Branch B was decent. Good service, but more options would be appreciated."
C,8.6,"Branch C's Home and Lifestyle selection is impressive. Great quality and variety."
A,7.2,"Sports and Travel shopping at Branch A was average. Prices were reasonable, but the range was limited."
B,8.4,"Branch B is my go-to for Electronic Accessories. Quality and prices are unbeatable."
C,6.2,"Health and Beauty options at Branch C were lacking. Expected more variety and better prices."
A,9.0,"I had a great time shopping for Home and Lifestyle products at Branch A. High-quality items and friendly staff."
B,7.5,"Sports and Travel department at Branch B was good. Prices were fair, but more variety would be nice."
C,8.0,"Electronic Accessories at Branch C met my expectations. Found what I needed at reasonable prices."
A,6.4,"Health and Beauty selection at Branch A was disappointing. Limited choices and higher prices."
B,9.3,"I'm a loyal customer at Branch B for Home and Lifestyle products. Always impressed with the selection and service."
C,7.2,"My Sports and Travel shopping experience at Branch C was satisfactory. Prices were reasonable, but more options would be appreciated."
A,8.8,"Electronic Accessories at Branch A are excellent. Competitive prices and knowledgeable staff."
B,6.9,"Health and Beauty section at Branch B was decent. Good service, but more options would be appreciated."
C,8.4,"Branch C's Home and Lifestyle selection is impressive. Great quality and variety."
A,7.3,"Sports and Travel shopping at Branch A was average. Prices were reasonable, but the selection could be improved."
B,8.5,"Branch B is my favorite for Electronic Accessories. Quality and prices are unbeatable."
C,6.7,"Health and Beauty options at Branch C were lacking. Expected more variety and better prices."
A,9.1,"I had a great time shopping for Home and Lifestyle products at Branch A. High-quality items and friendly staff."
B,7.7,"Sports and Travel department at Branch B was satisfactory. Prices were fair, but more choices would be nice."
C,8.0,"Electronic Accessories at Branch C met my expectations. Found what I needed at reasonable prices."
A,7.0,"Health and Beauty section at Branch A is improving. Found some good deals on skincare products."
B,8.3,"I had a positive experience shopping for Home and Lifestyle items at Branch B. Quality products and friendly staff."
C,6.9,"Sports and Travel department at Branch C was okay. Prices were reasonable, but I wished for more choices."
A,8.2,"Electronic Accessories at Branch A are a great value. Competitive prices and helpful staff."
B,6.6,"Health and Beauty selection at Branch B was decent. Improved service, but more options would be appreciated."
C,8.7,"Branch C's Home and Lifestyle products are impressive. High-quality items and a wide range of choices."
A,7.4,"Sports and Travel shopping at Branch A was satisfactory. Prices were fair, but the selection could be improved.